{"fetched_at": "2026-04-30T22:33:55.098822", "data": {"rain_day0_in": 0.0748031496062992, "rain_lag1_in": 0.0, "rain_lag2_in": 0.0, "rain_3day_cum": 0.0748031496062992}}